{
  "name": "jboss7",
  "description": "Installs/Configures jboss7",
  "long_description": "# jboss7-cookbook\r\n\r\nThis is a JBoss 7 cookbook. It's still in development. Feel free to contribute.\r\n\r\nV. 1.0.0    - **Breaking change** - service is changed from jboss to jboss7.\r\n            - Added travis to repo, working on automated tests.\r\n            - Lots of rubocop style fixes.\r\n\r\nV. 0.11.0   - Added a jboss7_user provider to create JBoss 7 standalone mgmt users.\r\n            - Added sane defaults for bind addresses.\r\n\r\nV. 0.10.2   - I realize I forgot to include sane defaults for the port numbers. Now added.\r\n\r\n## Supported Platforms\r\n\r\nUbuntu 14.04\r\n\r\nTODO: CentOS, Windows\r\n\r\n## Providers\r\n\r\njboss7_user - JBoss 7 user takes two attributes, the \"name\" of the resource is the account you're adding to the management realm.\r\nThe password is HEX( MD5( username ':' realm ':' password)). The example password is: HEX( MD5(Administrator:ManagementRealm:changeit!))\r\nYou should be able to login to your JBoss management console with the user Administrator, password changeit!\r\nThe provider uses sed -i to delete users therefore is not GNU sed compliant. User beware!\r\nThe provider also only concerns itself with the standalone configuration.\r\n\r\nTODO: Maybe put password in an encrpted databag?\r\nRefactor into a HWRP/library to use native ruby commands to modify jboss user file, in order to be platform independant.\r\nAdd domain user configuration.\r\n\r\n## GIT Location\r\n\r\nhttps://github.com/andy-dufour/chef-jboss7\r\n\r\n## Attributes\r\n\r\n<table>\r\n  <tr>\r\n    <th>Key</th>\r\n    <th>Type</th>\r\n    <th>Description</th>\r\n    <th>Default</th>\r\n  </tr>\r\n  <tr>\r\n    <td><tt>['jboss7']['jboss_home']</tt></td>\r\n    <td>String</td>\r\n    <td>Path to the parent directory where JBoss will be installed. E.g., if you want JBoss installed in /opt/jboss, this would be /opt/</td>\r\n    <td><tt>/opt/jboss/</tt></td>\r\n  </tr>\r\n  <tr>\r\n    <td><tt>['jboss7']['jboss_user']</tt></td>\r\n    <td>String</td>\r\n    <td>User for JBoss to run as.</td>\r\n    <td><tt>web</tt></td>\r\n  </tr>\r\n  <tr>\r\n    <td><tt>['jboss7']['jboss_group']</tt></td>\r\n    <td>String</td>\r\n    <td>Group for JBoss to run as.</td>\r\n    <td><tt>web</tt></td>\r\n  </tr>\r\n  <tr>\r\n    <td><tt>['jboss7']['dl_url']</tt></td>\r\n    <td>String</td>\r\n    <td>URL to download the JBoss tarball from.</td>\r\n    <td><tt>http://download.jboss.org/jbossas/7.1/jboss-as-7.1.1.Final/jboss-as-7.1.1.Final.tar.gz</tt></td>\r\n  </tr>\r\n  <tr>\r\n    <td><tt>['jboss7']['jvm_min_mem']</tt></td>\r\n    <td>String</td>\r\n    <td>Sets your Xms JVM parameter</td>\r\n    <td><tt>512m</tt></td>\r\n  </tr>\r\n  <tr>\r\n    <td><tt>['jboss7']['jvm_max_mem']</tt></td>\r\n    <td>String</td>\r\n    <td>Sets your Xmx JVM parameter</td>\r\n    <td><tt>1024m</tt></td>\r\n  </tr>\r\n  <tr>\r\n    <td><tt>['jboss7']['jvm_perm_mem']</tt></td>\r\n    <td>String</td>\r\n    <td>Sets your PermGenSpace JVM parameter</td>\r\n    <td><tt>256m</tt></td>\r\n  </tr>\r\n  <tr>\r\n    <td><tt>['jboss7']['ajp_port']</tt></td>\r\n    <td>String</td>\r\n    <td>Sets your AJP port in standalone.xml</td>\r\n    <td><tt>8009</tt></td>\r\n  </tr>\r\n  <tr>\r\n    <td><tt>['jboss7']['http_port']</tt></td>\r\n    <td>String</td>\r\n    <td>Sets your HTTP port in standalone.xml</td>\r\n    <td><tt>8080</tt></td>\r\n  </tr>\r\n  <tr>\r\n    <td><tt>['jboss7']['https_port']</tt></td>\r\n    <td>String</td>\r\n    <td>Sets your HTTPS port in standalone.xml</td>\r\n    <td><tt>8443</tt></td>\r\n  </tr>\r\n</table>\r\n\r\n## Usage\r\n\r\n### jboss7::default\r\n\r\nInclude `jboss7` in your node's `run_list`:\r\n\r\n```json\r\n{\r\n  \"run_list\": [\r\n    \"recipe[jboss7::default]\"\r\n  ]\r\n}\r\n```\r\n\r\n## Contributing\r\n\r\n1. Fork the repository on Github\r\n2. Create a named feature branch (i.e. `add-new-recipe`)\r\n3. Write your change\r\n4. Write tests for your change (if applicable)\r\n5. Run the tests, ensuring they all pass\r\n6. Submit a Pull Request\r\n\r\n## License and Authors\r\n\r\nAuthor:: Andrew DuFour (andy.k.dufour@gmail.com)\r\n",
  "maintainer": "Andrew DuFour",
  "maintainer_email": "andy.k.dufour@gmail.com",
  "license": "All rights reserved",
  "platforms": {
    "ubuntu": ">= 10.04",
    "centos": ">= 6.0"
  },
  "dependencies": {
    "apt": ">= 0.0.0",
    "java": ">= 0.0.0",
    "ark": ">= 0.0.0"
  },
  "recommendations": {

  },
  "suggestions": {

  },
  "conflicting": {

  },
  "providing": {

  },
  "replacing": {

  },
  "attributes": {

  },
  "groupings": {

  },
  "recipes": {

  },
  "version": "1.0.0",
  "source_url": "",
  "issues_url": "",
  "privacy": false
}
